"Holder Address","Quantity","Used Warden Router","Used TxHash"
"0x41c989266fc233d0a06a3ad41ae00bb98b524814",66,"false", null
"0x12a0d0019c11d7ff7514a6aa93bb763277e7801d",27,"false", null
"0xa728f58018560b13c48c916f1ef53910f9b491c9",24,"true", https://optimistic.etherscan.io/tx/0x4d55c8f3185879d30fc78773d0513c4551f1321c16cb31d012bf13c15bfb15ff
"0x6e89609149c074aa8bab5b5d203369308342b798",23,"false", null
"0x72db34299d4bb489993a49822708ce692cca3eb2",23,"false", null
"0x0064b28742ee529579dba1074f0a1633ac1194b8",20,"true", https://optimistic.etherscan.io/tx/0xe2499773416703899d3d19e6ff256ea2e2ce96a6857ef25aad8e04a14203de7f
"0x153f5a984b2cbeb0f2d1fb3b7ffe125d8101b883",20,"false", null
"0x92fd6d7c69f85c728dd64fab29e6de28f1e9a1c1",20,"false", null
"0xfd26eb1dcc90d194c324922cf5471afec8f97cce",20,"false", null
"0x0ddd9dd9b77d3ba97b2496e3590787def887a95b",17,"false", null
"0x6926fc2a148776bc5e368a6e76a2d91b908ec66c",15,"false", null
"0xfa861ee098c87c78ab96d780c5211d9557869920",15,"false", null
"0x78cb3acb3f84fa6cb46afb38685bda11037aaf7c",14,"false", null
"0x012f658040aa8c96bfa3b4bdd7cb15fc9ec8e4b6",11,"false", null
"0x5c9a81253ca45c872d380a70e68c7dc9be72b83b",11,"false", null
"0xe72ccc734b373dc17eae243dd19b4021c67f73d3",11,"false", null
"0x68de1e5e1dd5093a8ef495b56432179d8ed609ef",10,"true", https://optimistic.etherscan.io/tx/0x3a5261d160ff05eeebc5df814f9f4deadcf55e8896f54dfbaf58aaf802245416
"0x8b018a1def92a14522b507876824f91dc56f431b",10,"false", null
"0xc2bba7c115213d6cefc5e02c9b6528861ce9d05f",10,"false", null
"0xcbcf746a706f8d60f10a177f81d7c5611ee817b5",10,"false", null
"0xd9331d24a83dea470c721770853ad18c3c2e8dc5",10,"false", null
"0xebc790d6420cf02755c05e69b26aa27b1debe250",10,"true", https://optimistic.etherscan.io/tx/0xebfb190a63896ecb6d99a256e6925d7ee45bf7e2540391baa2a30cf9108b7668
"0x2216a2b8c7174bcffe4102696d0e7c7308c89958",9,"false", null
"0xbd299964e7109f7f48d9284db77b58c7b397242a",9,"false", null
"0x55457b923b797ffe6d0d7a116109a4bd699ea9e4",8,"false", null
"0x5d83d2f415a47170e900edba3182b48c0e87cc19",8,"false", null
"0x74559d19f3f628a8bc22ef21f897c6096ffaa3a9",8,"false", null
"0xa75785b05d005532113fd475fb49687041f22013",8,"false", null
"0xd17e3063de5662be19df931f7dc500d720b947d6",8,"false", null
"0x63b18f440fbe3e5673b56fa50ce45231fa8b2b25",7,"false", null
"0x80e59042c59f095508d313cabc12bdd11ad9586f",7,"false", null
"0x8be04fcb170d1c67d6b99853a98353bd2724219a",7,"false", null
"0x9664dafcef3523d23ac5956c1288f2e44d65a61c",7,"false", null
"0x9d83c46a48df01f22f53d680af6e74f421ba9cf9",7,"false", null
"0xd89979b759a1b79753dc1cb833d3c82dac3732eb",7,"false", null
"0xdddb2a15b920e99654f56a8471d1a5c6fa504f74",7,"false", null
"0xe4b205c76b78cf72012d6040c33429dba9bbd19b",7,"false", null
"0x1d884c7d4132bb1d75bfd228ce9447d82527a217",6,"true", https://optimistic.etherscan.io/tx/0x4b819eea42390336dd244c76fa7b7321b93bc979c20d3fc0f29ef4e5ccc6a7d4
"0x4129c6176cfea9091e734214c1bb8511f285f6a4",6,"true", https://optimistic.etherscan.io/tx/0x8e40c8c710496981b397b38b2c2505e89907ddcb78a9419f932b6ced4ef40879
"0x46a966049a49d254a289e02a8b96dc932858b088",6,"false", null
"0x7d5ced6db5f3983d0b0980e95bdbaa1b687c8ff3",6,"false", null
"0xce1f1633b8e207d4df7178c78645be6fa52fd68c",6,"false", null
"0xd6c595f6052ebeec6e649560d03ba13cdae662a1",6,"true", https://optimistic.etherscan.io/tx/0xff1dfe220688cce209d9afa28deb7cbab1de8106648af49ee52cb760cebd5b9e
"0xeed6520db829d18d9087c5a6d26432e02ad65cbe",6,"false", null
"0xff636fe8a09378cd8e7791205cb65b27b6fb635b",6,"false", null
"0x070203fcff1ef26f1094821b31139e534628ae41",5,"false", null
"0x07aa40130ac423a2041ed93f4e9cd3767e4f6413",5,"false", null
"0x490986ebc35e1bc8e198e42ce627a5295cb270f5",5,"false", null
"0x5078c1656e439108a079a39f2782b246ad949c69",5,"false", null
"0x71038fcca1ef043011fa976d550b107dba157780",5,"false", null
"0x784c71ce0099c1542f3ece7ccb20dd05f62ae741",5,"true", https://optimistic.etherscan.io/tx/0xbe9e89cb89e0375e881b435cfb9799ec728524ebdac80bac90db37346905c38e
"0x833a1121d8a49d29e5f50c6c1bc5d315981274ca",5,"false", null
"0x8af4e81a57becb79e007bfcee8953379cdf9babe",5,"false", null
"0x97c9bb984db3136a3daf8e8b94f6162069025e3e",5,"false", null
"0x9ff57f608deb3344f32e0f49beeb69b1a090a56e",5,"false", null
"0xb161fde15ecbc1f3cc22336c7c2859e141d42daa",5,"true", https://optimistic.etherscan.io/tx/0x6d77b2d11c430c8e17dd11364438471638ce74c3d34b66627edc7769f4005a78
"0xb401cc0e452211e57e1cce33da639fd53adb5678",5,"false", null
"0xba86bee601737a53e7255ad403ef46817af93d12",5,"false", null
"0xd9cbefc134f999f7084809f4ef461e8cac560988",5,"false", null
"0xe2483859cbf80734c62eef968da225bcd2be2e88",5,"false", null
"0xf2f3a7860e6baf5706a84ab5a87e465250bdfd5b",5,"true", https://optimistic.etherscan.io/tx/0x37b5a6fa40a9458694b74fa4a85844fa26e785d98f2fac9f54f3215d183d60d9
"0xf578cb0baeb867e3464f57e4eb7359bd4fcba64a",5,"false", null
"0xfbae580db7493f0a6fcbdbb627d5ad0457d58f2e",5,"false", null
"0x12b81870b768624865f864c16ce631561face3e7",4,"false", null
"0x1f27b0482ace1b82cf7a4f0c55dfc2a05dfcfd75",4,"false", null
"0x2a5cc9bc15e951c03235fc7c8e1db86634306b66",4,"false", null
"0x2fbe10d3395bd64b5630497d2fcf878a17ef97df",4,"false", null
"0x3012cd225e4c82dee0a9422435a3666ff0a81b2a",4,"false", null
"0x4e6c6d9be1cd774f971dbc17f61f3870e0d01bfa",4,"false", null
"0x4f39feb5f40e8e4890c24ed0e1ce9c2dcb77e4e2",4,"true", https://optimistic.etherscan.io/tx/0x1e9b9df600d5ac96ab0c234bc3f7c856a4e29a5b0634379e34c24eb74698b7f6
"0x5bcba3ae2af1a4945a3c30b0c4bd574b1eb1e978",4,"true", https://optimistic.etherscan.io/tx/0xa2d7db8b52eb484a6aae499554d418b7af1c04e3d4260a517117297c6aa81b4b
"0x611471bc56a47c85aa4f16b109cb2a2d0be6854d",4,"false", null
"0x6c4355614908f9f0fb19285d5d2b4afaed6579f3",4,"false", null
"0x97e5888847e30bfd8ceba3873e839ad8fae72f89",4,"false", null
"0xad7daa3adb8370d014c92aafa19c47c68c054965",4,"false", null
"0xb53715f3c61be4931843ffe0b61897194c6e4cb9",4,"false", null
"0xb5594d555c7c8de03d9e77e53048b96b41bfaed8",4,"false", null
"0xb86e782103fa6ca36bf2d910fa3c4f5dc5f64feb",4,"false", null
"0xc31bf7f3b185d5766b343e71adee432f4a58da39",4,"false", null
"0xe74f9211016af21ad247973c371f0cfc2f5a7d5b",4,"false", null
"0x02b83b235f20830475879a9fd391764c4c28627b",3,"true", https://optimistic.etherscan.io/tx/0x6848f0966b548ad84f250a65ee073913b5807bb135802a084ff1500cc4894567
"0x05bdd8de3aace83c896796ecbe1342ad43315963",3,"false", null
"0x0898e37e24e089e98db7722a4ca97251d3278469",3,"false", null
"0x0bf14c33f57cd5883652c1c03892401f7ab4c0a8",3,"false", null
"0x0bf1fee0f3dbb4031e4c12e2985df93f267d53ab",3,"false", null
"0x0c580360bb545169b47801f44b47f9c53c67372f",3,"false", null
"0x11d6af24c168a9a131747b50cf478832e258656a",3,"false", null
"0x1f341d0e5306cb2945c1634601e3608973ef9859",3,"false", null
"0x21bf63c0418d4f1d13f884c50498b2259b321b43",3,"true", https://optimistic.etherscan.io/tx/0x33fb36d3b3f95d32f46589267170d0326b6c9eea588b498b9fb920e0334ca5b6
"0x23cf34e2d99b27592e18fbb377b07c2e08d63b0d",3,"true", https://optimistic.etherscan.io/tx/0x9dcf1ba7e0b002f6cb9b63c1083a0a97aced337e093f8476c58a2c0eed4fb0ca
"0x27a52a8b2c8ddbef10e65a95673acfd1bfb78261",3,"false", null
"0x29808e42e3eb41682cfa483e4b973780f809e259",3,"false", null
"0x33eb01b4abdf37d6431d1e226f665da65adb8a0b",3,"false", null
"0x398fdcbc93f91f559ee73348285d280c08eb5420",3,"false", null
"0x4dccc4fcd80ad344201eaa7d816f2e48b48c1281",3,"false", null
"0x510a4cbd16b65ddc32e3392b246eb19005332a80",3,"true", https://optimistic.etherscan.io/tx/0xa0113e0d128ec802b4edd3cb36cadcd030fd93fde9cfec7b32d41a820c530960
"0x59087efe1c2de9a18d58af192b0c7947cdb021f7",3,"false", null
"0x5994d5582992d11048ef76c71702a7920c7476a1",3,"false", null
"0x59cf59705bfbf62bc4a7ef8d08800af803fa5572",3,"true", https://optimistic.etherscan.io/tx/0xe0d5311e80b83e47a0f227b348602dd7696e7042fa2c7c4038be69e120c3665f
"0x5c00b50b57ecd838734dd20e05aee02a663b7e5c",3,"false", null
"0x5e640a840e1b553ee9e851c4ccbec5a57c2df395",3,"false", null
"0x677a76bea99acebd2c9f32066b64f7d129f0d73c",3,"true", https://optimistic.etherscan.io/tx/0x096c832f0bb23b7e9a35bd1d35a746b9d3e5104a9df4ce402b3def0389c12ecf
"0x6fd907c0e7ce18c552700bd2b6172f2363d0a2a2",3,"false", null
"0x7e377463bfff09917648eeb074a7f6b00870c498",3,"false", null
"0x80bcc43e66f1017ebd3afc5be83c312d64a2f590",3,"false", null
"0x843e9a3223663f3966cae21fa4b8dffc995bbe34",3,"false", null
"0x84a9ccfc28b299dc24eed28c68217660498f9954",3,"false", null
"0x87e159926989c24bcb5151196e3e858034db1bc0",3,"false", null
"0x8c4fc5054ec988e65e1df36958ad2d9af9a1a7a7",3,"false", null
"0x8d56326605ac74e11eaacefb7a5a718379fa6c3a",3,"false", null
"0x90b4aaec253515efaa225dc6364f58687813eb5b",3,"false", null
"0x9a521caf497ac901e17c990a3ae1f361c6f580aa",3,"false", null
"0x9d732e1ce920980816b3321573a9e26b935f9070",3,"false", null
"0xa57b927848e94110898c56c5add293378706d638",3,"false", null
"0xb5960421b01b4672f5dc7cc377dff56df44d020b",3,"false", null
"0xbb612c3ecabb30680165b890e2660c345fe23c14",3,"true", https://optimistic.etherscan.io/tx/0x14c5fceca9d242aaa0f1a871cf31311191d978ce93326eb2d22111cc62f1e6a7
"0xbe3c8a78ca5e01acabd55379e7e003b9bd356772",3,"false", null
"0xc72f0c6f0eb226701b39cb61be2c3ece2d9c88f6",3,"false", null
"0xc8dbbd87e722065fbec4caf77d2196d076c77c6b",3,"false", null
"0xcc3b759ba4fc2f73a0fab559714aa0fbc2f6437c",3,"true", https://optimistic.etherscan.io/tx/0x950146b29b28a98f8b31bd96ae943296d8712680d7ed88ab32518673ecd537ce
"0xd0fcd73d14e2e0a04b9cdfe1a9bb81aed9eec886",3,"false", null
"0xd6b33f1c878ee21a88afad9b55489648a6297efd",3,"false", null
"0xd83d6f32d0e7d498d513f4b9ddb029bc0b151612",3,"true", https://optimistic.etherscan.io/tx/0x666fc08d612663c2fc09752520a88e910645da8120e049297b2dd7161d8843bf
"0xde50c7553c0d011b52b7ece4e0718d76c1f44c37",3,"false", null
"0xdf1f84f220429bae2a54d052ecd1262866fe8615",3,"false", null
"0xea33045ff4e33725be02a70158379b76f725204d",3,"false", null
"0xec10351b427015783ebb4fb9f1614c0c6a4b3444",3,"true", https://optimistic.etherscan.io/tx/0xcb75e8286ec7a985e552b9f584039b64146bc2f0426f228ba44643529343cef9
"0xefc5ea7c8d4c4ee4cc5b01ed782493c75939fed9",3,"false", null
"0xf1364b039ca2ea51de2b6aba9ede4cbdd0fd4309",3,"false", null
"0xfb10efe8d84e73061abdfa5f87f26afc1f0a98f5",3,"false", null
"0xfe959248455f69bb71d22549e4464d9322944bd5",3,"false", null
"0x02d197839712d3b6decb9e913ff820bb2b41d337",2,"false", null
"0x0608bc44b1ca03b4e450a09b7224ce173dbf9256",2,"false", null
"0x0a848a3bf714d2e251ffbc5b38dbadbbdbc0770d",2,"false", null
"0x106f7c2ac6aee1063d69ca3ae3c09e9148cb149a",2,"false", null
"0x111d9e5e672835f2315a4c4ae7e63ffb1dc7fd1a",2,"true", https://optimistic.etherscan.io/tx/0xb36754d0e3131921a389853cec7993ed7f41d91bc2a91f8747d90d113e093664
"0x126ba70e6c3cf91ec2fffd51583987d8655503a4",2,"false", null
"0x1a30254019b2dfbc7dd54b651458482b9451e821",2,"true", https://optimistic.etherscan.io/tx/0x1438d1461b292bcf5457fab42a8ff7f8cc3f8bf6ed5cf5ee24b3f781fd625d61
"0x1a9ae93d6aed894f51f59b7e635b65f1dbc37827",2,"false", null
"0x1e6fbf1f64a140b85df3f03b8e9cfa8e0e64de3f",2,"false", null
"0x2202908b38cbca5db4b22de8607c8ff8d7b7b333",2,"false", null
"0x222aa2bd2f79c1dea4d7e5c31d3b077ef056e98f",2,"false", null
"0x23146a7907987ab0bdcebb3a3824072be077ea48",2,"true", https://optimistic.etherscan.io/tx/0xa94bda2fa6f6d69fb57e33e30b0c3c86efcafd99a1b85244857dff52a5f9b187
"0x2711b8bcc1166ea0d10f53ab099f05810554bc6f",2,"false", null
"0x272b3f7d398132d7bf402d8d65f6e50a721e7b00",2,"false", null
"0x2b020631384a802ff4585c3a5b06592d10e51e35",2,"false", null
"0x2cf4f181d22be14b1b600ce3498b61f4a2d1898d",2,"false", null
"0x3045e12b77257e4b005bfbc3db1d1814dfc17207",2,"false", null
"0x3489ea5aab1697def0e126a9d41194daf4329d0c",2,"false", null
"0x38543d68eb70e3f40a56f3bb8e1580c7cee07f74",2,"false", null
"0x3a5d01b7376c44c26ab8cf5935b22a4eeb948e93",2,"true", https://optimistic.etherscan.io/tx/0x8f176ba2f81b32f4193592ed29f5dc3d1b568acd2a2b3e45a169af9832200331
"0x40585eaa146f78c90125651f8e2c5cc4e234cce6",2,"false", null
"0x41aaaab9920b89028f07d843336bdeb02de2f439",2,"false", null
"0x43c21762a1932436e753a1675f1134f57c58e403",2,"false", null
"0x4655d13ed832fe463c80d6bf5abceefef8722b64",2,"false", null
"0x4e35010b431e7f248a859e59980db0b102320e38",2,"false", null
"0x5027c0ae17d088c8b5b05cfd6d359c2f5748af7f",2,"false", null
"0x53a635857526154dd970fafcd48cca250b3c109c",2,"false", null
"0x54bb8be0c7116eba3c0da2f8b8c4f28aad2e381a",2,"false", null
"0x59e7b9be88b69ec43dc0ae9da93a4a27c45f75ee",2,"true", https://optimistic.etherscan.io/tx/0x1f6a11b2a49845e136346024b44be3cc55912dcd744460f2455fd47068882fde
"0x6077c99294acf1867667825e01f3cde9d64987bd",2,"false", null
"0x643436ff58ff84ef8821bb3d00fd9976a52baf0d",2,"false", null
"0x66d04143395256769d19deb6ef0bbb1ac63d5219",2,"false", null
"0x6db4a6f7cf2b9d4e29738cfeeefd82b004db57c6",2,"false", null
"0x6db57c7f16d997562033b08ff38d0f1039290277",2,"true", https://optimistic.etherscan.io/tx/0xa2de394d129e500c63f4ae05aed04421795b92625e953244404183a521032e8c
"0x75d605f15236592702677537f78f1f3940084526",2,"false", null
"0x7ea0517b02e0440393db3a1dcd00dab336fa081c",2,"false", null
"0x7f42e17eedd460abb7fa62bd511c08e1f4dd2d75",2,"false", null
"0x856122539643b9060724d0441113fddc33d5e16d",2,"false", null
"0x85e6a873b58e4a6e4a6db7d0c69f93c871028549",2,"true", https://optimistic.etherscan.io/tx/0xbe75d983c894893d96c985b96d968f6d9b6137dc5d5764e4860f76f8587654d9
"0x98e282de1031c766a1ddac51c0707f41d4806a79",2,"false", null
"0x99e05178d5dc8b635aa93eb2ad63c3cda03cabd3",2,"false", null
"0xa04d19a06fcfbbe65477c8d886ae1277e1c0274c",2,"false", null
"0xa36fee7600d7bfe855a62843d7cb64b079ccee6f",2,"false", null
"0xa839c3a1a77637b56e2733ea61d3e0a07a1708ca",2,"false", null
"0xa8fe4420e9adcc56a630f0a0c802f6e47c02c330",2,"false", null
"0xaa0be926890dfd356e1af472447be4e6b8555dd0",2,"false", null
"0xb191efa190a29dfd9020cf73a2795753b30ec536",2,"false", null
"0xb44b36f57a5f9d91baf1d330121b1394b4704470",2,"false", null
"0xb4c970d6895060a6ba8ddd640ac76a0d590a45b5",2,"false", null
"0xb5c03898d4fcf5d1a9f4e8f11d44d06a4c44bd13",2,"false", null
"0xb67bd4f6f4e95618de9ffd3b337ebcb200638669",2,"false", null
"0xb7d1f29349bd70ba23df0b5be6f50e75c6111259",2,"false", null
"0xc7b7bbce97a74b1ea4b5c3f65328c7d623e45333",2,"false", null
"0xc8312396ba86d1d6da650bec3835817904341991",2,"false", null
"0xce29fc6a70a7c56efb73a30e4df05b19216b6c41",2,"false", null
"0xce8c6dad492532ad9b521c173a6e76e5b9de189e",2,"false", null
"0xd032eb551c237a7099b0aff12701fa7ac13a0573",2,"false", null
"0xd16b2a7d65807114eec78a734a55a95de0cabcb2",2,"false", null
"0xd16fa3afd930a02b72657abc1ccdc8c9c3614bb1",2,"false", null
"0xd2e5b809ba75f478bc5dfad012818b2d118133ed",2,"false", null
"0xd36ede206be882ff103f07add8e06c0db731e6ac",2,"false", null
"0xded7c476aa77ee03e226d1bea68bbd0eb0a7118f",2,"false", null
"0xe562a2e9d575515172ee88100a9fa627a1bd46f8",2,"false", null
"0xe8970e7e0786fbbe3e80368bcc93f14ce3cdcb0f",2,"false", null
"0xf076823122f106c2b7f21cbaacd1c9db1ce4cf27",2,"false", null
"0xfb9af82048ef3b939da4e26f8f23957bd51bea8a",2,"false", null
"0xff4f584166ad206c99d2eb2b48bfe3cbbbe0eb34",2,"true", https://optimistic.etherscan.io/tx/0xcafe5b2dba415fc343851ef54c799a8c6c945304c2e5931bd7a839820e6ec932
"0xffe513fab7a6f3314419ea2a894db2f8f23d9dd7",2,"false", null
"0x0170168b95fe16b03a38b485af06833ca601f7fb",1,"false", null
"0x01ce521afcd23d5656c4aceea68ac6c8119a14d5",1,"false", null
"0x01ee4939c81ee3fc11ff0cd35c411d2650b00064",1,"false", null
"0x0220b62e0080425b8db90b9efb3548d5fcd5899f",1,"true", https://optimistic.etherscan.io/tx/0x16505ec2f7abacf4bf410b65a0b780746c07bf444f1f2077a40cb3b3260a974f
"0x031633884306abaf5d5003ca5a631aec9ef258aa",1,"false", null
"0x03b1902ed4062b65973c33e9700c8e3a10f3cf50",1,"false", null
"0x03e58b4d10fd74c542fda0bf6637b15523077400",1,"false", null
"0x03eebe3fb8257f83cc363396794a48fe5b879a26",1,"false", null
"0x043ac44f8cec7e359a31415f1e54459a8c2599a0",1,"true", https://optimistic.etherscan.io/tx/0x67956cfd5590593ed75bb3bc5cc4bc42a04a3d8b30203bdf39dbfb599ef16fac
"0x068423cda40ac8c4ba2e8196eeeea080af758fb2",1,"false", null
"0x068de19ce0b8f2cbabd943417f27e777cc0972c4",1,"true", https://optimistic.etherscan.io/tx/0x01be83635c697caf9f1863b92ef518611853b9e53d344b0960edfdd06872a5f2
"0x079ec0ff0ea3e08758ae999e18de75613118feed",1,"false", null
"0x08461d267f6996bc728a0cbf3dd4b5e6284d007a",1,"false", null
"0x08abeddf75a0590352769960e2496c22c405d141",1,"false", null
"0x0945f3954ba733677aa83d8c1ac0fa84e7c956cf",1,"false", null
"0x0a1828c9bda68840036afd7ad3ee9156dcf16c73",1,"true", https://optimistic.etherscan.io/tx/0xfa28555d7edcc1be280e68361f14587b7026c0808e0a8929c17040e14dd5050b
"0x0a66f17a40f61b448853ad6f7639cdaf59df554f",1,"false", null
"0x0acdaa6163523da27bdf238b5dcbb3fb98b34b47",1,"false", null
"0x0acfab8bb236b2f8106cdc805591166861c1b620",1,"true", https://optimistic.etherscan.io/tx/0x8e31acec6d81af498bd69e1be50c6533ca6707481d3feecb8928bd126d91b374
"0x0af02f83e104900383526474adb66d71f2177a9f",1,"false", null
"0x0bd9edba4059ff66efc18536abf4062e9263a4be",1,"false", null
"0x0c58910d6a7020da91e16979dfda66ddef1d81cc",1,"false", null
"0x0c928979fcee6490c009b84084286479907ad947",1,"false", null
"0x0d1ce913b9d2e7ac0f0ef87504f153323a67d839",1,"false", null
"0x0ef5c493ac031d07adbfb0e965c6d0356a4fe377",1,"false", null
"0x0f474800c2b13fa74e2d6d7dd4ffd08ac0724fea",1,"false", null
"0x0f82b08e86e531148d7456c386b22bf44611d206",1,"false", null
"0x123bb038ec5842fc8e858481e190c4d26112becb",1,"false", null
"0x123cc72d077e8544142817a38d1dd99f1f2d774d",1,"false", null
"0x1303f2f424945055e92162c608d0dd33a4b21927",1,"true", https://optimistic.etherscan.io/tx/0x65544f07e8f1299a3502ed0a4fddea609af57bbf365b5b8fe74e382e1e228f45
"0x132c91eb991fd974132bfa997caaea07f7e54b6d",1,"false", null
"0x13dd4bc3fcdcb690689ab50789b31abbf93be6c5",1,"false", null
"0x13ed742bdb1c767f1d97737752f4fbe64f46bb03",1,"true", https://optimistic.etherscan.io/tx/0x5423352d4a24dedfb3efefc8cf6e15f77cc80e46ea7209cfc25a473146c5a856
"0x157ea7465237654286ba3fdfaefd145cafc8859e",1,"true", https://optimistic.etherscan.io/tx/0x65d40c1fb30460b85ec55f0151b62425598d236112dcb239b8184ac8b2f1a4b7
"0x17b4524cc66470a1ce4a2bbf3a6d3aa523d4b159",1,"false", null
"0x18bca7cc549585f744ce71bc31ebe819dd363924",1,"false", null
"0x1983d702550ad08a14e3e6938502f9b54f9762a9",1,"false", null
"0x1a40ff9114db0fa9cbc23976b61c900079a5ddab",1,"false", null
"0x1a4259b12de7f60242ef18370c170be8e86b3c16",1,"false", null
"0x1a6d166be088f51cebb8ea605982275ae66a1439",1,"false", null
"0x1aa456963c20977729c47e86124d6ac437ed7767",1,"false", null
"0x1b7296b1002449da0405010bb52268b7c9ef021d",1,"false", null
"0x1c93b0f31fb088dfd37a2f8c7b6bdb8e6ed843ba",1,"false", null
"0x1d54ee6c2e15b168f35a578ca2bcf49f6a46c473",1,"true", https://optimistic.etherscan.io/tx/0x57e584c95fcba81d29ea996f98a0889667bd2897a2f86299b589808879492959
"0x1d898f09c4db300092692087e7c3a080fed830e2",1,"false", null
"0x1d8ed950ce42952c44a363bab93e70ffec340857",1,"false", null
"0x1daf43792282e04ec8421fae4371996103e5e7af",1,"false", null
"0x1e2814310f1fcc597f198dfc467c78a7d51f0a07",1,"false", null
"0x1e6be8b36cf529d9b2bf5dfe6684ed970da96992",1,"true", https://optimistic.etherscan.io/tx/0x9f3eec52c76258b25e6fbc22b702e793092ac0a12d829c4fd9d17ed5fd31bc1d
"0x1f68f38d975cf3680ef06c39a01f4f74435b8b7a",1,"false", null
"0x2067750877c8e905386aef2065b9962c5e94d30d",1,"false", null
"0x20fd0a5abaa9ac2bc212159371fc01ca221b957f",1,"false", null
"0x2244fdb3d8e6fbccf269e45389498cfaa5fdaa96",1,"false", null
"0x22cd28ea396bc8a1d56d67267454d2e06cd42393",1,"false", null
"0x23f6653fde64cc264f198984521fcff8d98188bc",1,"false", null
"0x243f64df75fab855ec00520ef8c9aa10e37e0be2",1,"false", null
"0x250ea1babef3192d0a1c9e5083513bc8cbaea91d",1,"false", null
"0x26244bd367f59d9fffd75b23a850eb392cdebdea",1,"false", null
"0x26a6a80a81fa68b6e697c21136cf135618210ef3",1,"false", null
"0x26d112342352d9644e4991cceab8d427e034b909",1,"false", null
"0x26eed982774bd951fdfe130ee5bc48a195e9ad19",1,"false", null
"0x27886297cbca8d1e87bc0e1b7a84f508c03fa15e",1,"false", null
"0x28298ece3be5d7acc6089140776ebd889c5b1bdd",1,"false", null
"0x2843f1386bae080e4924c5cdfcede418e31ac227",1,"false", null
"0x290f749ec1969f6596bb07a6d1d6256b1a296ed2",1,"false", null
"0x291e898ef3705f721386c8cfa0cf3fce27f17dcb",1,"false", null
"0x29d8bf1894fb077edcd5a6ee8ed475b6aed5dbb4",1,"false", null
"0x2aaa7bbb7f09492c85577fb00697bf8165ec3200",1,"true", https://optimistic.etherscan.io/tx/0x5d5ba53376fed5b587ed1cbb944878f46e054327735a9be879b252861c610bfc
"0x2ab32d6d0b932ff10bcfc44a9b6bfe94f90a3d0e",1,"false", null
"0x2ac0027858f7352963fe71f64a6194d8c59fac2b",1,"false", null
"0x2aeb588d59f97ca4c4d435814ae2f1e4d32d557c",1,"false", null
"0x2b568e529b0895e469261230546c40694f6b622b",1,"false", null
"0x2b638f59ae1a530599f151d077b29a5c924f50f6",1,"false", null
"0x2bc7643e0bb229c682dd659c5de59ee84163e608",1,"false", null
"0x2c80037bb43674de7f5122d1e898bb85687334f5",1,"false", null
"0x2caf27200ca339d7a400f4bf94dbddbfd719468a",1,"false", null
"0x2d15c72fef7b1bbce37103347a858e82a3147ff7",1,"false", null
"0x2d42d26bc19652c097b109f7ad05c3adfd353e5b",1,"false", null
"0x2d56e1f07b28ad162e091b95505e3def04388c56",1,"false", null
"0x2da1fa70f286eb0fbc3a34b60c38138f2a2662fd",1,"false", null
"0x2e7ab547a1d4c42b80ac621471e07380c8a17b65",1,"true", https://optimistic.etherscan.io/tx/0x8cacbfd8bfc45a48f9281fb9d8ccd41091263d02c11a824b85eb081dc976e73b
"0x2f08efcc5045bc026c76ab64c3ae9eb52c95f480",1,"true", https://optimistic.etherscan.io/tx/0x427aad36f30c46acbd5b2e16df140c6cbfcba733c5c5c33ff0eb28f8b3be88e6
"0x2f18ee4821ae8b4a9b21dc0ca5527dc5afa92ae7",1,"false", null
"0x2f8697dfcd8543e0024a246b895350f449f71c29",1,"false", null
"0x30310e4030ecd4fa247b433ce02d4397c7e884b6",1,"false", null
"0x3177bdcb49b717864a2fd9b26df27c82471519c9",1,"false", null
"0x31f2feca170521e2fd4a4a759e1bdc758d35dd13",1,"false", null
"0x327325ccaf357a88d968999814d4e79eebabaaae",1,"false", null
"0x32ae7daa1b0f6da161cbe7afcb871958657c8610",1,"true", https://optimistic.etherscan.io/tx/0xa1c0ef7793ff7a6245d3b4b03608819507b6cfa9c8aa6a7f4f27e28d83e36bf1
"0x32f189d64e7ffd04390c705c2c19e6cec2554021",1,"false", null
"0x3386ed77487bb2fde8775d85c92d6d031c0b555c",1,"false", null
"0x34463563fe62ac15e3ff2969168d1c46794ec10e",1,"false", null
"0x3448c2993a2cc0dd13a27e57d16ce7879298c220",1,"false", null
"0x3470c1fbd26bbd88d589ab01d5dcdecec817e3c2",1,"false", null
"0x347ac8f1f3dcc03d36e7b50196b4965501e7d6ba",1,"false", null
"0x35edc7c9a983350b433ef144a1e1d6c15d838e21",1,"false", null
"0x36217511ad0cbdf83bc6de8ae3d36038ecf722c6",1,"false", null
"0x36d1f19f225d2efc46593800db5db701a41861c5",1,"false", null
"0x37595a0b3774e047330fa69763f5843e7b7cd975",1,"false", null
"0x38087800d3982f12f597a6d5d537b5a952b91606",1,"false", null
"0x38a1f2579945c3da69caf49473778e99f20813da",1,"false", null
"0x39aaf2584ba147d08f88f210f69c883a826e38c7",1,"false", null
"0x39d75d8b911947a13e7c6b9c6dea5e0fe5a6c928",1,"false", null
"0x3aa9354b3b7afa62437096cb379686d7f15a2424",1,"false", null
"0x3b92c385f2bec5ae6e60d75aa773c9a2c69ead71",1,"false", null
"0x3c05c0d1df2e37e06f6c98471e86804ef6061cd6",1,"false", null
"0x3c09ed4db21ed15d0e7803b398e6328d83c2c35b",1,"false", null
"0x3c42a58823de899cf075586b34581b59486a27cf",1,"false", null
"0x3ca4bc7f14bd114364bf2089b4a6c136e7a31edd",1,"false", null
"0x3dbca7e449985af7af074c83bcbf13fccc2dea88",1,"false", null
"0x3e01fbd0f9d78df7bfba033e126b6be5d2007c93",1,"false", null
"0x3f3721173aff420ccbec4790e049b66e26cd9886",1,"true", https://optimistic.etherscan.io/tx/0x53bfba43c412eb6e349ab0f88ecbe9c9a37e95d02c23086f44035ee9419d729c
"0x424daa7857f288b458d29e1a28a5310d022643eb",1,"false", null
"0x4254966aeb7a6a3a5a60b05219eb356b70f12ccc",1,"false", null
"0x432a15dd91cc09cd096759fa7e45aa6d4aa99998",1,"false", null
"0x446345e00eeb54b4489de4a55a20f38799823968",1,"false", null
"0x4537958b9265b95a319b6036c5de567e400d0a39",1,"false", null
"0x455d8cc938049f8642e575a06a9c863bce9a6163",1,"false", null
"0x45740e393a093cb341eb0cb8772605a6b7034a87",1,"false", null
"0x45890194007456fea2555063248efb02d56804c3",1,"false", null
"0x45de903875280e40e67d2c97e38f9a1351297ffb",1,"false", null
"0x46982f4fca7ff8e5b47d285cfdac4e38385de260",1,"false", null
"0x474427e42ca8ab085ce248f61421663f376b0b94",1,"false", null
"0x47abcd0957791869dd6db52c7d98ccf5539ddd9a",1,"false", null
"0x49ed14a3ceaea209ac2dae77576ca4567c42b1a8",1,"false", null
"0x4a351dfd9c2950c3bdb20b19adc39f6ebe57c8a1",1,"false", null
"0x4a550e6eaf8ba34305cbc0d7cfcb1d0e4865f274",1,"true", https://optimistic.etherscan.io/tx/0x6c5ff4370e2fded545732587f381cd2355d187d80b000f5406018014fc012267
"0x4b1f0d892d12040e7b45af2682b9a85c134f8241",1,"false", null
"0x4b7c451b3e850ad2707663e22525a5baf934970a",1,"false", null
"0x4ba5903430095c235b58cf2477b69de0d86535b6",1,"false", null
"0x4badbed44a4011f7b44d363822f05d883181a3e2",1,"false", null
"0x4cff09d7f4f68698cbd263d41fe5e50662fdb1c8",1,"false", null
"0x4db55dd2c3140a33304944e97e3c1c4e320f4278",1,"true", https://optimistic.etherscan.io/tx/0x360f3da1e4f270340f9bdefb28793f793d79f672290569dff47ba27e65d1ef0a
"0x4db99e48417fb7be59f5cf40ddde75bace5c6280",1,"false", null
"0x4e11188293bcc329ec86192203e45a45a52c7806",1,"false", null
"0x4e65539bb5f893ccd2b71d3d807b5112e1b85dfb",1,"true", https://optimistic.etherscan.io/tx/0x098fda024a4ec94cc4bcb1025ac269b0b215cc355f6095b391439aec148829bf
"0x4ee9aadfa4addc2be630227fca3f308df3502d64",1,"false", null
"0x4f1238728b6a046158b473a508f1da0847ba61f0",1,"true", https://optimistic.etherscan.io/tx/0xec8be32b30de3f66eb62b082db1f3ac8bec48dc9268179390b9416b7ecb7dcdd
"0x504847e3dac0bc988f76cab83325050e7c114831",1,"false", null
"0x51f290f2bc63b3dc249feaaf5a536ded569231c7",1,"false", null
"0x530a9c6c4dde98d5a551c021cebfdbe01f06ed7f",1,"false", null
"0x533230ed2657e7eba5ae94520fe78955a6548238",1,"true", https://optimistic.etherscan.io/tx/0x4a60b59b741dd2d28d8b7c88209079b1d9ea1c639b646fdcd5c7b4adc3c77e5b
"0x54049112b822c06f922c486280a473996ab8faa0",1,"false", null
"0x5408cd60c5f7e1562734f9c8be8fc1815e119b4d",1,"true", https://optimistic.etherscan.io/tx/0x7922850e6c5333e7bc1fdc7c0282af81d42c49d16e222b161b9e7d2cd0207594
"0x540cb4be20c9054279ca946b4e113d8d88434319",1,"false", null
"0x543854c5fc72e68e87151ee9b165defead873f26",1,"false", null
"0x5497e378f7bc82892427971b52f511858717100c",1,"false", null
"0x54ed04447b9373bc897cba3745f1a040a3f85175",1,"false", null
"0x55365d8db0beaad4f55de5443874b7a332661825",1,"false", null
"0x556cae3e5ecfc5d1189d3eaeb5e73e8b7b9c069e",1,"false", null
"0x55e5d2bd0f0cd91ae7a2db67c888ed769f04a546",1,"false", null
"0x56101c5b9a0a4898db24a34de4f56cb9ff25d56c",1,"false", null
"0x5614ff8424e686024fee37d66322b4d3f07e206a",1,"false", null
"0x56aa44673a121c1c2f21d251f09dfb1265f0bc8d",1,"false", null
"0x56c58670730ca24895ab68dc2d25bc91b6be200e",1,"false", null
"0x5732334596c6c70684e733c94445543881e45a35",1,"false", null
"0x57cac4688c0fbec189cad259394c2312ede282d2",1,"false", null
"0x584ce997a61fc8cd4c8c5d78fa16a77790943276",1,"true", https://optimistic.etherscan.io/tx/0x8d01a71d6e96b0dcdf1bd083c2b750ef36fcbd466be78abba31b3aad90374f7f
"0x59b3675c512c7a043b7b315295368470732d3443",1,"false", null
"0x5a48ae8108103ad46850a5c04a08e7895e26d28e",1,"false", null
"0x5a8fd44fb60f1680d42e7b941e89410b45429020",1,"false", null
"0x5b7ffcdc3e417fe7693b90b3254265d21f3684b6",1,"false", null
"0x5c6d69d6ba6f4dc0b698f236db00ea209267f4b8",1,"false", null
"0x5cbb4bdb42ab25afd370f14a978f2149111745af",1,"false", null
"0x5cf1fccc60e328ee059e3ed621d5d21d22fb3cf9",1,"false", null
"0x5d6d04016c09e213a98ff63c7d1faa4525a64738",1,"false", null
"0x5f3378d1d023d33d82cecad6ed27a43432126119",1,"false", null
"0x5f9cf9be5b9e3c12b261fd8d6816dc867718f1cb",1,"false", null
"0x5fdf7645173c943a916477e085d06a7d85d78788",1,"false", null
"0x608652f17ecc6e73d1970e19de3e19c70909adb1",1,"false", null
"0x618d36e01bbeef6044072822d4a91b40543b1962",1,"false", null
"0x6221c768f39b712d4ceed0805a876b3e94675248",1,"false", null
"0x62b0c105e35175a1d98092dd82079e2df2212297",1,"false", null
"0x62d75ab0db98289eff25bbb98c776aacc92bd9d1",1,"false", null
"0x62fbde2b2ff5a812a4ff85221074143b83eac5e4",1,"false", null
"0x6420daa9850940a0c9823eab95f9bc5144c7094c",1,"false", null
"0x648846388020c5a126c9bbcea501b6218840cfe9",1,"false", null
"0x64d578f06996b83c532040dbfb01ab547cd465a4",1,"false", null
"0x64fae5cb4c261506666a8337ca74125f025b7cd8",1,"false", null
"0x6522988869ce3645f1c5f7a23c6a14431ff10ba7",1,"false", null
"0x65f915dd81bf0aee98d558d4eeffff1128934b91",1,"false", null
"0x661203256e8d6068c4fd12e9ca90bd56ee0cd2cc",1,"false", null
"0x66633cc6b84cd127a0bb84864c1a4ea0172469a6",1,"false", null
"0x673e99f8b95d2542f4745324e27fc438a6f853e9",1,"true", https://optimistic.etherscan.io/tx/0x00d4eff863a26faca90fcef385178fc5ceeaf6eeed598554ec5c20c3401f430f
"0x68103db73d7fc55a12274136e3c901c83076a4fc",1,"false", null
"0x6830c5a4f1a1023d5e9bafeb221cebc9eb6f8ed6",1,"false", null
"0x698958e766f221afc069adfbd1a8135dce3cac7b",1,"false", null
"0x69d70d5413c16e05eabdb8f6f8c81e1cd1d4902b",1,"true", https://optimistic.etherscan.io/tx/0xdf31ba7069eb1cc50a963086ec8f0bef9e71379b5e48af6e98307ce934e058cb
"0x6a5b8e939096d8c5b7655d88be2a83ce3fccee84",1,"false", null
"0x6c0f2a24bff0189d774b6dbcd081caeb72d9b82a",1,"false", null
"0x6c4016f6c557cd354c0fae32c1ee2fbe601d2b6b",1,"false", null
"0x6c543fbafc5a4df7b85ecd09ff5eb3b5ebf21e5d",1,"true", https://optimistic.etherscan.io/tx/0xf8ed7b16ca881acb399a9ec73cf3dfd53c8041227e8fe850d2536e415cac5332
"0x6cd340a3ba621d456a89c4996024a469c0166340",1,"false", null
"0x6d4dd78c7009a1d3eeab95411ade857a705e3ebe",1,"true", https://optimistic.etherscan.io/tx/0x8f5b599ca9c0f467566cfe7381c3356d434293c873933ffc6bb23cbdfeb611e4
"0x6dfe1bb550e34b0ac7cd9a637c9e43a41d2c9f99",1,"false", null
"0x6ed7d03d2ce851afdee7745008dec9a03cd3aa02",1,"false", null
"0x6efc0b55df8bc1788d4458eb5ed8dc17670a9796",1,"false", null
"0x6fd04a22330347adf4182d26c33339b0b5dbd971",1,"false", null
"0x70f0d88d3cf23ac5bc5eece05c3b96d3e6781a66",1,"false", null
"0x7176a3df2d33f3a57107a75d2c9ae73f41b1745c",1,"false", null
"0x71e0eb973c0d9aa7095c8a36263c76eecfad6f86",1,"false", null
"0x71e750ea9bbd1b1b2cfa08d85140e1130a6a85ff",1,"false", null
"0x72bbf491c1f4bb264668973666e6efa94214f893",1,"true", https://optimistic.etherscan.io/tx/0x6abd23cfcabed4c2d9c197333cd64bd04b63d881e3e21b42d80152907f7f425c
"0x7415a096ec3d3fc08bcdffa632dcbadb840a2286",1,"true", https://optimistic.etherscan.io/tx/0x5f7616fdf1d63d96fce499f9d174712bf4b6d6c16bb366261f39d9c0658baacb
"0x7502d6bfaacaab68f6f2e8b3520848f615b226c9",1,"false", null
"0x754cd12cf77f8f8be2997980158910ae31ef053a",1,"false", null
"0x78d9df1030e8c8601ec819ddc10acabe92df5854",1,"false", null
"0x78f00dd8176809230a51cf74d0ae9b42baad824b",1,"false", null
"0x7af1dcb1aaef37d391c45167c9ca051a06533033",1,"true", https://optimistic.etherscan.io/tx/0x669cc97a8c76f72221cbcd0f33424984b68fe5355818ceefb0e1081a8ed933f6
"0x7afad871a82222ea521335e88739cf9431de6aa0",1,"false", null
"0x7bc6fb118989f4c6f9c92695e723a144a87c1e54",1,"false", null
"0x7c4438dd3e35bf3440f25bca682bcf6e96d8f487",1,"false", null
"0x7d4aa6b380def4940465e31773377d434de5ab72",1,"false", null
"0x7e04c1544d22717df28c02285385f83cfb64c97d",1,"false", null
"0x7e3aed7ea7b63e33281daf313cf6e3153367a9f7",1,"false", null
"0x7efc9b7649cab05ad6d181755a8902fed0420f06",1,"false", null
"0x7f97eccaedff8b0b9f1918dfc81450a45dcda6cc",1,"false", null
"0x7fd7ffb31a9cb75202201350b8eb0de29029c118",1,"false", null
"0x813a999616528abc5e6440f70d99f67c874e3d44",1,"false", null
"0x830b692b29b40be96ae529900ee0d0dbc50fd6fd",1,"false", null
"0x8327f91d6e1dadd501246b657bf3815cf4c58470",1,"false", null
"0x85483d1813ad6c0a0e7de16bc1f346f93ea76286",1,"false", null
"0x85721c0b453fc3f1d648ac454ea207aed8415e23",1,"false", null
"0x871057c7d2d0ee07fdcfb1d18d1c33cd9116105d",1,"false", null
"0x8a0f77ce5626e1d587496bfc4253129fe46c4275",1,"false", null
"0x8c34086632dd804711ca12f21ddc0e27e85b548e",1,"false", null
"0x8d7358129c04bc3701e38ef1e373a98cb3c3be29",1,"false", null
"0x8dbc5aa4cc7c5e9f9c7812580bdd8ae770b55b66",1,"false", null
"0x8e84e43d4271f54aebda17e781059517d5d168f5",1,"false", null
"0x8f6bcbc9a3efa1def1703cffb035a6fd3fc27467",1,"false", null
"0x904fd9bc0e93db98be363c6a007a3b48c12a4fe1",1,"false", null
"0x9080c8ab1eb554ca2a2e68e47604cb271bde8392",1,"false", null
"0x91432ccd6a5394e881fbd0a348a84afe50b28603",1,"false", null
"0x91da6b1c9b05f915a9cf56c3f564fc5edb2bd68e",1,"true", https://optimistic.etherscan.io/tx/0x6b42f4d272db586eaaff2401974a27d3c7c7a580b1b8909d5706ca208b4d1019
"0x9279492dc2123340aa00244987d4460d0e3cf070",1,"true", https://optimistic.etherscan.io/tx/0x57b14c033c5a9f1e7869e19d310326b23bbce58480feb48f3af0bc95a6d02b88
"0x937bddbd72619eaf03ac81f6faa4b6877167828f",1,"false", null
"0x93e5a525a8c3d14e68387c1c0d5daae4b744177d",1,"false", null
"0x94dc07685c9e81757e979fe5cf1b85b2d2f0b358",1,"false", null
"0x956f36ad9b8623313366d84939295952d3e7f40f",1,"false", null
"0x95aaf06092ba255059565419106e4fc6a29024fa",1,"false", null
"0x95b9493c3263645b4c0fec47bdef6374dce0f2d7",1,"false", null
"0x961052669177ff22a41cf222c7e03957460a13da",1,"false", null
"0x9637f34986c53cea20875981d199a809f6d9c589",1,"false", null
"0x96b258360501863ad18567fceb41ec3e504f0690",1,"false", null
"0x9755e3d858a3310e9915e490104435ed4f0d7547",1,"false", null
"0x98488c8a8005e8cae743d571d2a0f87db288ea99",1,"false", null
"0x990bf31a5337ff3ae92d00aeb1ad46b0ee1c314d",1,"false", null
"0x9961332b7b0e0fe28cfff2b747e513e2f4e50a82",1,"true", https://optimistic.etherscan.io/tx/0x504f51e6686c6d210226f19a3fd609f461a979fb71b621ecbae9e90ffae97745
"0x9999881a666e20eea501cff5af878878c312999d",1,"false", null
"0x99f68a0a7739e7b541a69d1de8ee5999f1734bff",1,"false", null
"0x99fb8cb3dc812412209080fff6b8bb0de17d3d80",1,"false", null
"0x99fe05ffb376a7a0edb27bd54623c86ade38924a",1,"false", null
"0x9abb21fff7d59492e9d2041724816e93aaa9cf4d",1,"false", null
"0x9bf756f1756920cf9e70ed3dad9216b7dbaab5ab",1,"false", null
"0x9bffee9f03af97b112908e8ccd6528cb55c222f2",1,"false", null
"0x9c0445d21371e6fcc9c8e44d9a3d29d4fdd0c719",1,"false", null
"0x9c62ddf8ae7742d977207a4bd132a2802c2079e9",1,"false", null
"0x9ca0372b2af2a52dcf2c8229c9d16fb5c4785834",1,"false", null
"0x9d35431af4047a711389d9d6fe30328e17794c5b",1,"false", null
"0x9e3864f704a6b021652e43855edf3d8bbe967736",1,"false", null
"0x9ec01d2a66ac9a6173050383e1efd93f5b883294",1,"true", https://optimistic.etherscan.io/tx/0xbeb98c086baebab3613288ee96f68ebea148773847235d521eda8485d5769244
"0x9ed276c2eedd8382f071db01fcb7d4830675ebcb",1,"false", null
"0x9f5221dbfaa8a15a7cf57de5c364c316fd8090a8",1,"false", null
"0x9f6278e7678ecce74b2032a0f59064e66f256f00",1,"false", null
"0x9f8b412f275f3445cc7ca502b2f39b24ca3b34e1",1,"false", null
"0x9fc65a99faaa09707861e3b12b0deb04790af404",1,"false", null
"0x9fdac932cd0388df634108064b2650a41574c50e",1,"false", null
"0xa099ad6be3ab01f3ab49ae27841a35e93006d872",1,"false", null
"0xa1403a5806e4e3ef8bcec00b9755e0c8374b7447",1,"false", null
"0xa1db2b7193358b8467266c6dcef285c30410b99d",1,"true", https://optimistic.etherscan.io/tx/0x8b026834306ccc9e9fe776bdd4acb56b3d1766d21eaa00cca232998b53be2b31
"0xa205af661abc96754fdd6c11eb6d25ee084dd99f",1,"false", null
"0xa210f19bde95e3ec4d9c94af4e5c21e1bf0d6955",1,"false", null
"0xa2600d3964ab8d1c22ea6ea49067edbd70539f79",1,"false", null
"0xa2de07816aa0bcf6c47f9b344012f117fca4c4b7",1,"false", null
"0xa3a943a6f91fd637f33b27d3a7e8db0df1097752",1,"true", https://optimistic.etherscan.io/tx/0xe10c2c73191e44945e2136e111e50593c38c4b91e4da888a702853c343055d27
"0xa494f3981f42d83a44dd09a0144d48293c99c894",1,"false", null
"0xa49cee842116a89299a721d831bcf0511e8f6a15",1,"false", null
"0xa5ce5d4b7dd75f72463bcbc216111ef868d210b3",1,"false", null
"0xa5e76b9e6008e7c28cda1815aae6c3952b933b33",1,"false", null
"0xa646b24b78938cb1dbfe123606e6a2fbb8b20196",1,"false", null
"0xa67aece985ccc3df79c8c9b00c301f287f6aa540",1,"false", null
"0xa7119b6910effcc360728705ff37877705e829b0",1,"false", null
"0xa77a4403de38be3819fe7f7055880819c92a829b",1,"false", null
"0xa78297733a9ee1f6fbf43dd6c46beff2177e4273",1,"false", null
"0xa82292c2db2e858fd18a04260a6f0cccb0a50ac9",1,"false", null
"0xa8f3103b293fd41e1a763fda3cf1d8f1fd1c715e",1,"true", https://optimistic.etherscan.io/tx/0xe6919efb07bdd9266d571b3d61d43587345fdfa12497803e2e448ae043a1c991
"0xa90f10996354a48bf0e1512428b5f2d0932c479a",1,"false", null
"0xaa4f2dfe74972e4abd5bcfd372b8afbc32490a51",1,"true", https://optimistic.etherscan.io/tx/0x8f7db0a4393d343262a3a96ea2cf3a3f1a3385807ff90dcc8db1208cced49b41
"0xabd506eca22386a33b69d091939c4c3de7c78f39",1,"false", null
"0xac44dc6d4c7e76bf8e30485b37553c9632518e4a",1,"false", null
"0xb024c97e187892ca5da51ea942f136f72635bf50",1,"true", https://optimistic.etherscan.io/tx/0x3e3d952bf5a7e765b0a0be2df9aaee2b1440f6619f8d83ff7d0332e68e838df3
"0xb06a931e9bf79020bd3fa792f19d3617f5922990",1,"false", null
"0xb0a2156bbd528edb787795af7c933e63af5b3e33",1,"false", null
"0xb1ff1674cb691250443c3eeab401340d2a3dbe74",1,"false", null
"0xb2cbe33dc64380e7afda17f6bbcd594cfa540ff7",1,"false", null
"0xb2f528d438469a407fce8dc3512f1b16ed45bc8a",1,"false", null
"0xb5e49ded917cb61cc4ae5dd003eeb2ec293ae1a9",1,"false", null
"0xb8e1f0f1e0aab629ec07ae9e4fa680b58732c643",1,"false", null
"0xb91b3dec63690356bdfc2d664cdae19b3d96e5a1",1,"true", https://optimistic.etherscan.io/tx/0xbb57f1d90aa06848ddf40bea00c5a984f1af0af1d9e243e884888824134ef9ca
"0xb9419ae3c0c35a7b809544375b76019bcdf815f8",1,"true", https://optimistic.etherscan.io/tx/0x885db53601d24895ecfc7303b123c6812c65cf3b85611c287c0f744a262c6ba6
"0xb9d4eb5d1a1f68070f24f44d4b7a07879864efcc",1,"false", null
"0xba097d06d59945e166a748d928bdf63e040dc58d",1,"true", https://optimistic.etherscan.io/tx/0xfec59ca8c6dd040756c396d312df41c3166c007f76e46e229c4ae9f7c5cf5f97
"0xbb31d2b0c7a5fa0bfb086ca9d0c08e6382a659e9",1,"false", null
"0xbb53ee39c66a73d33c333ebb609cb52038d1e6c0",1,"false", null
"0xbbaec5458f67197de96f2ca3d94d634316c804a9",1,"false", null
"0xbc6fd2917aea56ceaeac3d818a5807d2e11fce30",1,"false", null
"0xbcdffecb673431f13069fc29bc2bbca52232eaf5",1,"false", null
"0xbdd677f06bddd79820bf7980a6b6fe9310f68749",1,"false", null
"0xbde9dc44e4ef91d5d667489db0e2d45415430ac2",1,"true", https://optimistic.etherscan.io/tx/0x841394d4d857d5320cef4de053b6089909e44fe211d126f38e72a5faffb5eb79
"0xbebd3fc22ae8a1ecc95a0cd57298d62683b1d392",1,"false", null
"0xbf5beeffb60c9be21681254f2581ead4375c1a30",1,"false", null
"0xbf776910a2a84670ae1ccf07063d5238e28d1297",1,"false", null
"0xbfd6e94a4dba69c75c21bf250fdf0ec24530b965",1,"false", null
"0xbfe0b47d3155d85318aecdef21caa8adf80e88dc",1,"false", null
"0xc06d834fb0cad4c7a3ad1754e42f938a6ddbc2a1",1,"true", https://optimistic.etherscan.io/tx/0xb5433188715c56f870772a3f8d1a425e652a19ae9ab1e2c326e4108b6a216634
"0xc1c8e29879209ab208d9da76d1e136160192f4fd",1,"false", null
"0xc21d0aa2b6fbf7447e24067bae62c63fb2c4dee1",1,"false", null
"0xc3339b4d68459cb0b2115196d1a4b8f3f2545a37",1,"false", null
"0xc386ee80c83b6128dee893c0a67e18c5add3a40b",1,"false", null
"0xc3d479fe53ccd275e1af7b2486845af105103e3a",1,"false", null
"0xc5dae11a45a4ff19176036127eee49e3acb6a5f4",1,"false", null
"0xc676c2ee8932d8d84692161669891daf39c98d45",1,"false", null
"0xc7dcb9fe61d01df29e759825c26bf33c4a6c25d4",1,"false", null
"0xc7e71ac3b606fb1c23e5ecc5811a637a5f02dad6",1,"false", null
"0xc7f2c655561da5fd929aca9fe0375b5226c3a2bd",1,"false", null
"0xc8bce924f67ca7bffa9e331be6a8bf6c6247eeeb",1,"false", null
"0xc92c7bafd094f7ba986037d95826be4352dc5c71",1,"false", null
"0xc996d72e57152adb47ecea92a9b0084b85952a1a",1,"false", null
"0xc9b4eac1dd76dfb71fa27c4ed42597ab1cdb7852",1,"false", null
"0xcaeeac120121a33c5c232619a2616e306e329cd7",1,"false", null
"0xcb89928dad3fa2c751510528fa4a8e009907ac44",1,"false", null
"0xcbc6e296a9d52a8aa07ec524315be6e8582f3320",1,"false", null
"0xcc57c2d6f21c2998cdf7da9a3c0e65c68bf7cc02",1,"false", null
"0xcc6843748527bfdd7aa1833c21b6e7e52ef6c298",1,"false", null
"0xcfb33edb2d8bc2da75703bcfbee048bf12edd22f",1,"false", null
"0xd16f5922395d4477614466ed7b1804eccc993aba",1,"false", null
"0xd28c8e7f6cc3ba174fed8a93aabf48e5f75ef475",1,"false", null
"0xd2908b3475f0417328008d211911b889ecddd448",1,"false", null
"0xd2a3167ef940f6a0016d53af67533e87ff3b6c54",1,"false", null
"0xd2c6272fcabb1cc0b9caefa864892009c6d4849c",1,"false", null
"0xd2d72ef3b8973fed1141b19b3855e24578d25254",1,"false", null
"0xd2e27021eb2f14a2cccfa786bb8332e93fd7571d",1,"true", https://optimistic.etherscan.io/tx/0x4edb215fa278af2f8d71368eef161669f6b19ed3441e48384cfa5d47860a281f
"0xd3490541076d61cbd5f6b91139d0853c82ee0bc9",1,"false", null
"0xd391e8aeac08f158c789d15de0862b25f5b8f32a",1,"true", https://optimistic.etherscan.io/tx/0x0fb56022e65489eacb7d40a2194e4c43b9c9f2cca00c5294ba3faf4d528a5e84
"0xd3e130b34cf7ab39578e04d628f8951fe4a9ff59",1,"false", null
"0xd66d8a251f40fd3afbbdfecf3d33a21306cb6073",1,"false", null
"0xd6aeeac1f0ddc20c694d9c66f739ae1edea79ca0",1,"false", null
"0xd7c59221d7270f177df2517bea8bba9f05c7aa50",1,"false", null
"0xd80ca51f74dcbb00d1dc4e61d5cad40e44d5353d",1,"false", null
"0xd80e10db08868db5dc712263d9e6972d6139f602",1,"false", null
"0xd8573e5c1f24b3f0df1322586367db14fdb70ae1",1,"false", null
"0xd9074a6b020004fe3b1b2108c97fc3a8e4fd0b5f",1,"false", null
"0xd9955789f7094b6c0bd5f7e7acfb046520a6a85c",1,"false", null
"0xda35fcfd68d599676a4e5a16e0f2da484b571029",1,"false", null
"0xda49778b4cdf5f919b971a3430c1a54ecafa5a2b",1,"true", https://optimistic.etherscan.io/tx/0xe0628cc4ec5ff6c44c2f00a6f7b9afc8c99606213bd086f831c3da28acb4eccf
"0xdaba5fade4c3f9747978e1224599a3eda254dd33",1,"false", null
"0xdb66f27cb33899fa03c6fd694082189fba3dc069",1,"false", null
"0xdc0bdbc95d55c377f750c50a8627fe5f1969c4c7",1,"true", https://optimistic.etherscan.io/tx/0x52943da402fad1365648692a9e68968197a3fc1af0b8d70c401bf623af5b6401
"0xdc679b9ed3bc6b30f784ab8f0354873facf6928f",1,"true", https://optimistic.etherscan.io/tx/0xa062ab4b15259324b22d87632ae533df449c15985d892246e3ec5a880dead2f1
"0xde8ccede48c54145f2ca6045031d1f9833a32d1d",1,"false", null
"0xdeff8642e3f821ec39b8a53f7162de7f04e558d2",1,"false", null
"0xe0e216283eef00895b6abaa73848448596b85724",1,"false", null
"0xe142a4ea7de8e849b21f40d29ae4348d9f4bb988",1,"false", null
"0xe2b7ab284f1f1974bcb94aaf7265ea3160ef0f55",1,"false", null
"0xe2d435be0c6a8380e55b6f7cb75a0b5e7d2565f9",1,"false", null
"0xe2e14bae59d7fe80ec0453213cc425f2ca0f616a",1,"false", null
"0xe30860fb4edf399b7ffca8541f1a418c3777f2a7",1,"false", null
"0xe30e2999c488871b2722300bd7c5c4568e02bd5c",1,"true", https://optimistic.etherscan.io/tx/0x2948afcb2f3da6ce9bff9d097005a18f6a1674ebefaf92b100e3ac61588471ba
"0xe4537fd4ddb757e825455be18b979bdb5583d30c",1,"false", null
"0xe6c8126c69b5f9d8a295b155c5d95ded20255fa4",1,"true", https://optimistic.etherscan.io/tx/0x785f888c281e88b982121403f629619d4820ad8ddf21d84eea1acd40a2665b05
"0xe83b84068d0375658f31e4987d18270b92d992af",1,"false", null
"0xe8dda390d3eb8f92fea8b6a8782a2796280d9c1a",1,"false", null
"0xe8e22b1c44ed0f3414c45e90771c9140baf7b75a",1,"false", null
"0xe91b51794982533885d53cd8e3cbc3da4dd7b0bb",1,"false", null
"0xe9aca223feb0a5bc54476f6cfce334e29f12ff97",1,"false", null
"0xea2069b6f5988263c20636cdadd86b72416141e0",1,"false", null
"0xea732944273e3fc71456b216cd0c42c00836cf12",1,"false", null
"0xea8d9aa0fe45eb40b9e5349506e11af87535b2f6",1,"false", null
"0xeaa62f8ee21719c069ee3bf41e8a32f80ac15879",1,"false", null
"0xeac06829e0a9808cfcc472c55040ebfb1588f3b1",1,"false", null
"0xeade0aa012748c36e017e7e354e81ec0d26a9b27",1,"false", null
"0xeb717284e39910dc86fed385c46a274d7257be4d",1,"false", null
"0xeb82456127ec1ca320c411a722ed291e103774e8",1,"false", null
"0xebdd6854a5263c0d5f97e077bc57266537eea444",1,"false", null
"0xecd5a208398a77c1217b8597a9c3a5395e268381",1,"false", null
"0xed9f38f158abc60d57e9600a8fb7f6c346a369fb",1,"false", null
"0xee5c5aa250f7973d9c641961bb75a93ddc32fce2",1,"false", null
"0xee71344ddf6568a3e9e249d7530ed4e30f0bf657",1,"false", null
"0xf013b7aa38b915da8ec939c4d0537edb93ceed38",1,"false", null
"0xf0e697e44b16e2c2883942c265505196d65e1ddd",1,"false", null
"0xf0f5622e162ae8d09b88285cf14e27a0a556fcca",1,"false", null
"0xf15caa7e926dd675e7e53e4b88f183ed9055807f",1,"false", null
"0xf1eee4014711e0a60a5aa1dc910fce1d2cd815fb",1,"false", null
"0xf1f8978d5d5d99c827a276206640d09451dabfcd",1,"false", null
"0xf2a1f146f0ab5fb17e8767aee172b08b610bdbd5",1,"false", null
"0xf2b445ceae943089ce73bffab29cb2db7267c653",1,"false", null
"0xf4957dab72153745d51d3e04914608055cc2be4b",1,"false", null
"0xf4a09812db889a4592129963e49840c36b0e76dd",1,"false", null
"0xf4fcb8a7d53f947553bbb7994cedce825db4b150",1,"false", null
"0xf4fe0daaff574267ddfdbab2cee18997fa2a9a98",1,"false", null
"0xf51dd166ca50a8b736d510af688c3473f505bc17",1,"false", null
"0xf53739fefd7eb737cce5f1a6163594aedfdfe5e3",1,"false", null
"0xf5a265f3103b5bb1b1363506be79367fea92f1e0",1,"false", null
"0xf5ab56a65b2cc18bfcbe331f3ecdff7c197ea754",1,"false", null
"0xf65a0f2e3799dd8f6c5b6831441513aabe07b375",1,"true", https://optimistic.etherscan.io/tx/0xd93edcb5cc021a46ceacc75d9fbd5f30dcd1bbd8982ebf9bccd80881d5866901
"0xf71223b64d15e16c25891ffc07cdee32987d7714",1,"false", null
"0xf952b9c0051eab3bb5746f48b9a7e8c42811674e",1,"false", null
"0xf96a23502c48b3c7ee053db35367ee9b7660f2f5",1,"true", https://optimistic.etherscan.io/tx/0xc63a3bee15ecf05e594d3054feaff774f9fdbfbfe4aa2d14c6698e0cc1158afd
"0xfa2e16835a230a59d9ff2d27abd494ba0b7ef320",1,"false", null
"0xfa2f5ad13d8bb5a3d613ad16b04f2d3bfc8d3d35",1,"false", null
"0xfa86be597ee70c2db1de87fac4543332008642a2",1,"false", null
"0xfa8ea76600767acf9c865ea175945f7e080cbbee",1,"false", null
"0xfb649e9b66481e0bb594ff9d82135225f2e5f153",1,"false", null
"0xfb671e4e320c267a7c5f10b20cdc5ab857da4740",1,"false", null
"0xfbcbd821b6bcd196ab31c3fb22b4bd5d330baaad",1,"false", null
"0xfc33181fbab11d8c33cd904f7ee1d4c62685470f",1,"true", https://optimistic.etherscan.io/tx/0x7cd25aef71f6c18d9470fe411b2a4dec55540b1e3166e7a67dfc2d6b366e866e
"0xfd73d5f2106badcf407f179268d63d1d6d134e28",1,"false", null
"0xfdd867cc29822f89194f0f9c089f9903183d5423",1,"true", https://optimistic.etherscan.io/tx/0xfb1878c4635b7393bf3d417c78e309dbbcd7593456524424132be98aed1d1fc9
"0xfe796e17c8fb8342d52dcf2487fb56bc69c4b231",1,"false", null
"0xff5d25a8800796004cbf229611c4c0d097bac365",1,"false", null
"0xffb5dcf4e8089e625bd24684f3e5b79eecfa87d2",1,"false", null
